Subject,Business Name,Official URL,Location Or Service Area,Public Contact Channels,Evidence,Local Lift Opportunity,Fit Score,Risk Notes,Error
Punta Cana Tours — https://puntacanatours.com/,Punta Cana Tours,https://puntacanatours.com/,"Punta Cana, República Dominicana; excursiones y transporte desde hoteles/resorts de Punta Cana hacia destinos como Saona, Cap Cana, Santo Domingo, Samaná y otras zonas de República Dominicana.",Teléfono: +1 809-763-7286 (tel:+18097637286); WhatsApp: https://wa.me/18097637286; SMS: sms:+18097637286; chat en vivo y formulario de contacto: https://puntacanatours.com/contact/; reservas en línea mediante el catálogo: https://puntacanatours.com/all-tours/,"El sitio oficial identifica públicamente el negocio como “Punta Cana Tours”, indica operación local desde 2007 y presenta excursiones “booked direct with a local operator”: https://puntacanatours.com/ . La página principal muestra 25 tipos de excursiones, precios, duración, calificaciones y reseñas de huéspedes; también comunica recogida gratuita en hotel, reserva con $0, cancelación gratuita y atención por llamada, SMS, WhatsApp y chat: https://puntacanatours.com/all-tours/ . La página de contacto declara propiedad local en Punta Cana, horario público de 7:00 AM a 10:00 PM todos los días, respuesta normalmente el mismo día y enlaces de llamada, WhatsApp, SMS, chat y formulario: https://puntacanatours.com/contact/ . La ficha externa de TripAdvisor describe a Punta Cana Tours como operador receptivo basado en Punta Cana, República Dominicana, con excursiones y transporte, y muestra 1.109 reseñas y la posición #197 de 1.687 actividades en Punta Cana al momento de la consulta: https://www.tripadvisor.com/Attraction_Review-g147293-d2073653-Reviews-Punta_Cana_Tours-Punta_Cana_La_Altagracia_Province_Dominican_Republic.html . El sitio oficial menciona 4,7/5 y 349 reseñas verificadas en su propia página; estas cifras son autodeclaradas por el sitio y no deben confundirse automáticamente con la ficha de Google/Maps: https://puntacanatours.com/ .","Hipótesis verificable: aunque el sitio tiene un recorrido de reserva y contacto bastante claro, una revisión manual de Google Business Profile/Maps podría encontrar diferencias entre el nombre, teléfono +1 809-763-7286, horario 7:00–22:00, enlace de WhatsApp, categorías de tours y volumen de reseñas del sitio, TripAdvisor y Google. Un Local Lift rápido podría priorizar la consistencia NAP, la visibilidad de la ficha para búsquedas locales de excursiones/traslados en Punta Cana, la alineación de horarios y la conversión desde Maps hacia WhatsApp o reserva; no se debe asumir que exista una deficiencia hasta comparar la ficha real.",4,"No se verificó directamente una ficha de Google Maps ni su estado actual, categoría, propietario, reseñas, respuestas o enlace de reserva; por tanto, no deben presentarse como hechos. La cifra de 349 reseñas del sitio y las 1.109 de TripAdvisor proceden de fuentes distintas y no son necesariamente comparables. El sitio afirma ser operador local y no reseller, pero esa afirmación requiere validación independiente si fuera relevante. No se encontró un correo electrónico público en las páginas revisadas. No se verificaron idiomas explícitos, aunque el sitio está en inglés; confirmar si atienden en español u otros idiomas. Confirmar manualmente que el teléfono, WhatsApp, horarios, disponibilidad, precios y políticas siguen vigentes y que la ficha externa corresponde exactamente a la entidad del sitio oficial.",
Punta Cana Adventures — https://www.puntacanaadventures.com/,Punta Cana Adventures,https://www.puntacanaadventures.com/,"Punta Cana, Cap Cana, Uvero Alto y Bávaro, República Dominicana; la web declara recogida gratuita en más de 677 hoteles de esas zonas.",Teléfono +1 829-978-0001; WhatsApp https://wa.me/+18299780001; email care@puntacanaadventures.com; formulario de contacto https://www.puntacanaadventures.com/help/; reservas online mediante el catálogo oficial de excursiones https://www.puntacanaadventures.com/,"El sitio oficial se presenta como “Punta Cana Excursions & Tours” y ofrece excursiones, barcos privados, traslados al aeropuerto y un buscador de tours; también muestra “Book local”, confirmación instantánea, reserva ahora/pago después y una valoración pública de 4.6 con más de 940 reseñas identificadas como Google y Trustpilot: https://www.puntacanaadventures.com/ . El centro de ayuda indica que las excursiones se reservan actualmente online, que el soporte está disponible de lunes a domingo de 8:00 a 22:00 ET y publica care@puntacanaadventures.com; además enlaza WhatsApp, Facebook, Instagram, YouTube y Pinterest: https://www.puntacanaadventures.com/help/ . La página oficial de teléfono confirma +1 829-978-0001 y el mismo email, y enlaza WhatsApp: https://www.puntacanaadventures.com/our-telephone-number/ . La página de recogidas declara cobertura gratuita desde más de 677 hoteles en Punta Cana, Cap Cana, Uvero Alto y Bávaro, con catálogo por hotel: https://www.puntacanaadventures.com/hotels/page/4/ . La web también muestra certificación TripAdvisor Travelers’ Choice 2026 y certificación del Ministerio de Turismo de República Dominicana en el pie de página de las páginas consultadas.","Hipótesis verificable: aunque el sitio ya exhibe señales fuertes de confianza y conversión —reseñas, WhatsApp, teléfono, reservas online, confirmación instantánea y amplia cobertura por hotel— podría existir una oportunidad rápida para auditar la coherencia entre el Perfil de Empresa de Google/Maps, las páginas de ubicación y hotel, los horarios publicados y las llamadas a WhatsApp/reserva. Conviene comprobar manualmente si las categorías, áreas servidas, idiomas, datos de contacto, enlaces de reserva y volumen/recencia de reseñas en Maps coinciden con la web y si cada página local conduce sin fricción al canal correcto; no se afirma que exista un problema ni un resultado garantizado.",4,"El negocio parece una operación consolidada, con catálogo amplio, 940+ reseñas mostradas, soporte y múltiples canales; puede tener equipo interno o agencia de marketing, por lo que no debe asumirse acceso al propietario. La página oficial de teléfono presenta una inconsistencia: declara disponibilidad 24/7, mientras el centro de ayuda indica lunes-domingo 8:00–22:00 ET; requiere confirmación manual. No se verificó directamente un Perfil de Empresa de Google/Maps ni la exactitud actual de sus reseñas desde una ficha oficial. La web afirma “idiomas” o asistencia multicanal solo de forma parcial; no se encontró en las páginas consultadas una lista clara de idiomas atendidos. La dirección corporativa encontrada públicamente en la política de privacidad corresponde a 651 N Broad St, Suite 201, Middletown, DE 19709, EE. UU., por lo que no debe tratarse como ubicación operativa dominicana sin confirmación: https://www.puntacanaadventures.com/privacy/ . La disponibilidad, precios, pickup y condiciones pueden variar por excursión y hotel; confirmar antes de proponer cualquier ajuste.",
Selectum Hacienda Punta Cana — https://hacienda.selectumhotels.com/,Selectum Hacienda Punta Cana,https://hacienda.selectumhotels.com/,"Playa Macao, Carr Higüey–El Macao, Punta Cana 23000, Dominican Republic",Phone +1 809-468-1825; email haciendapuntacana@selectumhotels.com; online booking https://hotels.cloudbeds.com/en/reservation/EhtAvO; Google Maps https://goo.gl/maps/pbNfttECGLmzDduB9. No WhatsApp link was found on the official site.,"The official site identifies the property as “SELECTUM HACIENDA, PUNTA CANA,” describes it as an adults-only luxury boutique hotel with beach access, dining, spa, snorkeling, diving, sailing, surfing, tennis and excursions, and exposes English, Spanish and Russian language switches: https://hacienda.selectumhotels.com/. Its contact page publishes the address, phone and email and repeats a direct “Book Now” Cloudbeds link: https://hacienda.selectumhotels.com/contact. The homepage links a named Google Maps location for “Selectum Hacienda Punta Cana Playa Macao”: https://goo.gl/maps/pbNfttECGLmzDduB9. Public Tripadvisor data lists 5.0/5 from 27 reviews, #1 of 1 B&Bs/Inns in Macao, 9 rooms, English and Spanish spoken, and the Macao/Punta Cana location: https://www.tripadvisor.com/Hotel_Review-g25296422-d19525444-Reviews-Selectum_Hacienda_Punta_Cana-Macao_Punta_Cana_La_Altagracia_Province_Dominican_Repu.html. Booking.com independently shows the same official-style address, beachfront positioning, a 9.4/10 score from 136 reviews, availability flow, and public check-in/check-out windows of 3:00 PM–12:00 AM and 11:00 AM–11:30 AM: https://www.booking.com/hotel/do/selectum-hacienda.html.","Hipótesis verificable: auditar si la ficha de Google Maps coincide exactamente con el sitio oficial en nombre, dirección Playa Macao, teléfono, categoría, idiomas y enlace de reserva, y si el recorrido móvil convierte el tráfico de búsquedas/reseñas en reservas sin un CTA de WhatsApp. El sitio ya tiene un enlace de Maps y reserva, pero no se observó WhatsApp; una mejora Local Lift podría ser probar la consistencia de esos activos, la visibilidad de horarios y servicios clave (adult-only, playa, spa, gastronomía) y la claridad del CTA por idioma, sin asumir que exista una brecha hasta revisar manualmente la ficha.",4,"No se verificó directamente el contenido actual ni la propiedad/gestión de la ficha de Google Maps; el enlace oficial es un acortador goo.gl y requiere confirmación manual. No se encontró WhatsApp en las páginas oficiales revisadas. Las cifras y categorías de Tripadvisor/Booking.com son de terceros y pueden cambiar; sus puntuaciones no prueban rendimiento de Google Maps. Existe una marca hotelera internacional (“Selectum Hotels”), por lo que no debe asumirse que el contacto público llegue al propietario o a un decisor local. El sitio muestra selector de idiomas, pero no se confirmó que todo el flujo de reserva y la información de servicios estén completamente traducidos. Los horarios publicados en Booking.com requieren confirmación con la operación actual.",
Classic Tour DR — https://classictourdr.com/,Classic Tour Operator,https://classictourdr.com/,"Punta Cana/Bávaro, República Dominicana; el sitio también declara servicio en La Romana, Bayahibe, Juan Dolio, Boca Chica, Santo Domingo, Puerto Plata y Samaná.",Teléfono +1 809 552 1771; teléfono +1 849 620 2109; WhatsApp https://web.whatsapp.com/send?phone=18496202109&text= ; email sales@classictourdr.com; formulario en https://classictourdr.com/contact-us/ ; Facebook https://www.facebook.com/classictourdr/ ; Instagram https://www.instagram.com/classictourdr/ ; Twitter/X https://twitter.com/classictourdr,"El sitio oficial se presenta como “Classic Tour Operator” y anuncia más de 25 años de experiencia en su página principal y pie de página: https://classictourdr.com/ . La página de contacto identifica la empresa como agencia mayorista receptiva-emisiva, publica Av. Barceló, km 3, Plaza Alondra, nivel 2, local #10, RD, los dos teléfonos, sales@classictourdr.com y un enlace directo de WhatsApp; también muestra el horario “9am - 6pm”: https://classictourdr.com/contact-us/ . La página “About Us” enumera cobertura en Punta Cana/Bávaro, La Romana, Bayahibe, Juan Dolio, Boca Chica, Santo Domingo, Puerto Plata y Samaná, además de excursiones, traslados, reservas hoteleras, grupos, conferencias, charters y viajeros individuales: https://classictourdr.com/about-us/ . El sitio ofrece catálogo de excursiones y transferencias con páginas de producto, precios publicados y flujo de cuenta/carrito, por ejemplo https://classictourdr.com/dominican-tours-excursions/ . También dispone de selector público ES/EN en sus páginas de contacto y “About”. Existe una ficha pública de Tripadvisor asociada a CLASSIC TOUR en Punta Cana, pero no se verificó de forma fiable un perfil actual de Google Maps ni su conteo de reseñas: https://www.tripadvisor.com/Attraction_Review-g147293-d16634012-Reviews-CLASSIC_TOUR-Punta_Cana_La_Altagracia_Province_Dominican_Republic.html","Hipótesis: por su catálogo amplio, reservas online, teléfono, email y CTA de WhatsApp, podría existir una oportunidad rápida para auditar y alinear el Perfil de Negocio de Google/Maps con la web —nombre, dirección, horarios, áreas servidas, idiomas, categorías, enlaces de reserva y WhatsApp— y medir si una ficha local más consistente facilita solicitudes de excursiones y traslados. Debe verificarse manualmente la existencia, propiedad y estado del perfil de Google Maps, así como la correspondencia entre las dos direcciones publicadas y la disponibilidad real del horario.",4,"La empresa parece tener una operación turística establecida y orientada a mercados latinoamericanos y europeos, por lo que podría contar con equipo interno o agencia de marketing; no debe asumirse acceso al propietario. Hay una discrepancia pública entre “más de 15 años” en contacto/about y “más de 25 años” en portada/pie de página. También aparecen dos ubicaciones públicas distintas: Av. Barceló km 3, Plaza Alondra, local #10 y Sunset Plaza, Esq. Las Trinitarias, Punta Cana 23000; requieren confirmación manual antes de editar cualquier ficha. No se verificó un perfil actual de Google Maps, número de reseñas, rating ni horarios de festivos. La página de contacto muestra un widget de WhatsApp con el nombre “Daniela G.”, pero no debe interpretarse como identidad del propietario. Las afirmaciones de experiencia, licencia AV-TOER-1101-02247 y membresías deben validarse independientemente si se usan comercialmente.",
XPO Tours — https://xpotours.com/hotel_pickup.php?lang,XPO Tours and Travel,https://xpotours.com/,"Punta Cana, Bavaro, Uvero Alto, Bayahibe, Macao, Puerto Plata y otras zonas de República Dominicana; también muestra destinos en México, Jamaica y Costa Rica.",WhatsApp https://api.whatsapp.com/send/?Best-Tours-Excursions-&-Private-Airport-Transfers-Dominican-Republic-Mexico-Jamaica&phone=18296279606; Facebook Messenger https://m.me/xpotours/; Telegram https://t.me/xpotours; Facebook https://www.facebook.com/xpotours/; Instagram https://www.instagram.com/xpotours/; formulario/flujo de reserva en https://xpotours.com/excursions.php?lang=en&country_id=48&DefaultLang=en; teléfono y correo directo: Unknown en las páginas revisadas.,"El sitio oficial se identifica como “XPO Tours and Travel” y ofrece excursiones, transfers, opciones privadas, tarifas para niños y un flujo de voucher/reserva online [1]. En la portada enlaza públicamente WhatsApp con el número +1 829 627 9606, Messenger, Telegram, Facebook e Instagram [1]. Declara servicio para Punta Cana, Cancún y Puerto Plata, y lista excursiones con recogida desde Punta Cana, Bavaro, Uvero Alto, Bayahibe, Macao y La Romana; además ofrece transfers privados y afirma disponibilidad 24/7 para ese servicio [1] [2]. La página de Punta Cana muestra versiones en inglés, alemán y español, categorías de tours y reserva online [2]. La página de términos aclara que XPO Tours opera como plataforma/agente revelado para proveedores externos y no como proveedor directo de las experiencias [3]. La página pública de “Best 10 Excursions Punta Cana” muestra reseñas/secciones de reviews, reserva online y el reclamo de 373,720 clientes, pero no constituye por sí solo una verificación independiente de ese volumen [4]. No se verificó mediante estas fuentes un perfil oficial de Google Business/Maps, una dirección física, horarios generales de atención ni un correo directo.","Hipótesis a verificar: por su fuerte intención local (excursiones y recogidas por hotel en múltiples zonas), varios canales de mensajería y reservas online, podría beneficiarse de una auditoría rápida de Google Business/Maps por destino: consistencia del nombre frente a “XPO Tours and Travel/Xpotours”, categorías y áreas de servicio, enlaces de WhatsApp, idiomas, horarios, reseñas y correspondencia entre cada landing regional y el perfil local. La prioridad sería detectar si la cobertura de Punta Cana/Bavaro/Puerto Plata está correctamente representada en Maps y si el CTA de WhatsApp y la reserva funcionan de forma clara en móvil; no se asume que exista un problema ni se garantizan resultados.",4,"No se confirmó un perfil oficial de Google Maps ni métricas independientes de reseñas durante la revisión; requiere comprobación manual de propiedad, NAP y perfiles duplicados. El sitio declara que es una plataforma que conecta con proveedores terceros, por lo que la entidad que debe optimizarse puede no ser el operador local de cada excursión. No se encontró dirección física, teléfono local verificable, email directo ni horario general; el “24/7” observado aplica a transfers privados, no necesariamente a soporte. El número de WhatsApp aparece en un enlace público, pero debe confirmarse que sigue activo y pertenece al negocio. El reclamo de clientes y las etiquetas de reseñas son auto publicados y no deben tratarse como validación independiente.",
Runners Adventures — https://www.runnersadventures.com/locations/bavaro-uvero-alto-macao-punta-cana/,Runners Adventures,https://www.runnersadventures.com/locations/bavaro-uvero-alto-macao-punta-cana/,"Bávaro, Uvero Alto, Macao, Miches y Punta Cana, República Dominicana; oficina central pública en Bávaro KM 2 1/2, Carretera, Punta Cana 23000.","Teléfono gratuito +1 888-280-5842 (9:00–18:00); teléfono/WhatsApp +1 829-599-7444 (9:00–18:00), enlace público https://wa.me/1829599744496; email contact@runnersadventures.com; formulario público https://www.runnersadventures.com/contact/; reservas online mediante FareHarbor desde la página oficial.","La página oficial identifica el negocio como “Runners Adventures” y describe excursiones en las áreas de Bávaro, Uvero Alto, Macao y Punta Cana; enumera múltiples productos con precio desde, duración, transporte, guía y botón “Book Now” hacia FareHarbor: https://www.runnersadventures.com/locations/bavaro-uvero-alto-macao-punta-cana/. La página oficial de contacto publica los teléfonos, WhatsApp, email, horario de atención 9:00–18:00, dirección de la oficina de Bávaro y un enlace directo a una ficha de Google Maps: https://www.runnersadventures.com/contact/. El sitio principal declara que ofrece excursiones y tours en República Dominicana, enlaza a reservas online y muestra enlaces públicos a Facebook, Instagram, TripAdvisor, X y YouTube: https://www.runnersadventures.com/. La página oficial también muestra reseñas enlazadas a TripAdvisor y afirma haber recibido “half a million visitors”; esa afirmación es del propio sitio y no se trata como verificación independiente: https://www.runnersadventures.com/. TripAdvisor mantiene una ficha pública de Runners Adventures en Punta Cana y otra en Bávaro; los resultados consultados muestran actividad de reseñas y referencias a confirmación de horarios de recogida por WhatsApp: https://www.tripadvisor.com/Attraction_Review-g147293-d1109943-Reviews-Runners_Adventures-Punta_Cana_La_Altagracia_Province_Dominican_Republic.html y https://www.tripadvisor.com/Attraction_Review-g3176298-d3160016-Reviews-Runners_Adventures-Bavaro_Punta_Cana_La_Altagracia_Province_Dominican_Republic.html.","Hipótesis a verificar: aunque el negocio ya tiene un recorrido digital relativamente completo (sitio, FareHarbor, WhatsApp y enlace a Google Maps), podría existir una oportunidad rápida de Local Lift en auditar la coherencia entre la ficha de Google Maps, las distintas ubicaciones/fichas de TripAdvisor, el horario publicado, los idiomas disponibles y las llamadas a reservar por WhatsApp/FareHarbor. También convendría comprobar si cada tour y zona de recogida conduce a la ficha local correcta y si las reseñas recientes reciben respuestas consistentes. No se puede afirmar una mejora ni un problema concreto sin revisar manualmente las fichas actuales y sus métricas.",4,"Es una marca turística establecida con presencia multicanal, muchas excursiones y probable equipo de marketing; no debe asumirse que el contacto sea con el propietario ni que una oferta rápida sea prioritaria. La extracción del sitio presenta el email con caracteres ofuscados en algunas páginas, aunque la dirección visible es contact@runnersadventures.com. El enlace de WhatsApp público contiene el número +1 829-599-7444 y horario 9:00–18:00, pero requiere confirmación manual de que sigue activo. La página de ubicación agrupa varias zonas y la página de contacto muestra una oficina central, por lo que debe confirmarse qué ficha de Google Maps corresponde a cada punto operativo. No se verificaron de forma independiente el volumen exacto de reseñas, la propiedad de las fichas, idiomas atendidos ni horarios operativos de cada excursión; las referencias a Google/TripAdvisor son señales públicas, no auditoría de ranking o rendimiento.",
Amstar DMC Punta Cana — https://www.amstardmc.com/en/excursion/punta-cana/,Amstar DMC,https://www.amstardmc.com/en/excursion/punta-cana/,"Punta Cana, costa oriental de la República Dominicana; el sitio también presenta cobertura multinacional de destinos del Caribe, México, Costa Rica y Hawái.",Teléfono 24/7: +52 (998) 881-9500 (resto del mundo); +1 (800) 895-3000 (Estados Unidos y Canadá); +1 (877) 329-4461 (Travel Advisors); email público para consultas de asesores: advisors@amstardmc.com; formulario oficial: https://www.amstardmc.com/en/contact-us/; no se verificó un enlace de WhatsApp público.,"El sitio oficial titula la página “Top-Rated Tours and Excursions in Punta Cana” y describe actividades acuáticas, excursiones todoterreno, tirolesas, visitas culturales, catamaranes y paseos a caballo, además de enlazar a un flujo de búsqueda por destino [1](https://www.amstardmc.com/en/excursion/punta-cana/). La página oficial de destino afirma que Punta Cana está en la costa oriental de la República Dominicana, que dispone de más de 40 millas de playas y más de 40 hoteles frente al mar, y ofrece transferencias desde el aeropuerto PUJ, soporte al viajero 24/7, anfitriones en la mayoría de resorts, excursiones privadas y botones “Book Now” con precios publicados [2](https://www.amstardmc.com/en/destinations/dominican-republic/punta-cana/). La página de contacto publica atención telefónica 24/7, el correo advisors@amstardmc.com y un formulario con opciones para reservar excursiones/traslados, conocer experiencias, solicitar experiencias a medida o precios de grupo; Punta Cana aparece como destino seleccionable [3](https://www.amstardmc.com/en/contact-us/). Tripadvisor muestra la ficha “Amstar Dominican Republic” en Punta Cana con 4.3/5 y 3,631 reseñas, además de enlace al sitio oficial y teléfono +52 998 881 9500 [4](https://www.tripadvisor.com/Attraction_Review-g147293-d3534434-Reviews-Amstar_Dominican_Republic-Punta_Cana_La_Altagracia_Province_Dominican_Republic.html). Trustpilot muestra 82 reseñas, TrustScore 2.8/5, contacto +1 (800) 895-3000 y enquiries@amstardmc.com; varias reseñas recientes alegan problemas de confirmación, comunicación, reembolsos o cumplimiento, aunque son opiniones de usuarios y no hechos independientemente verificados [5](https://www.trustpilot.com/review/amstardmc.com). No se verificó de forma concluyente un perfil propio de Google Maps, sus horarios locales, categoría exacta, volumen de reseñas en Google, idiomas del perfil ni una CTA de WhatsApp.","Hipótesis verificable: un diagnóstico de presencia local podría comparar el perfil de Google/Maps de Punta Cana con las páginas oficiales y Tripadvisor, comprobar si el teléfono +52 998 881 9500, el enlace de reserva, los horarios 24/7, los servicios de excursiones/traslados y las respuestas a reseñas están alineados, y proponer una ruta local más clara hacia reserva o soporte. La señal prioritaria a validar es la posible brecha entre la promesa oficial de soporte 24/7 y reservas online y las reseñas públicas que mencionan dificultades de confirmación o comunicación; no se afirma que exista una deficiencia actual en Maps ni que Local Lift produciría resultados garantizados.",4,"Es una marca DMC empresarial y multinacional, por lo que la decisión probablemente corresponda a marketing, operaciones o gestión de reputación centralizados, no a un propietario local. El teléfono de resto del mundo usa prefijo mexicano aunque el servicio sea Punta Cana; debe confirmarse si existe un número dominicano o una ficha local independiente. No se verificaron Google Maps, horarios locales, WhatsApp, dirección operativa exacta, idiomas del perfil ni acceso a la cuenta de negocio. Las calificaciones entre Tripadvisor (4.3/5) y Trustpilot (2.8/5) no son directamente comparables y Trustpilot advierte que no verifica las afirmaciones de las reseñas; cualquier diagnóstico debe revisar fechas, destino concreto y naturaleza de cada queja. No se contactó al negocio ni se enviaron mensajes.",
Le Sivory Punta Cana — https://www.sivorypuntacanaresort.com/,Le Sivory by Portblue Boutique,https://www.sivorypuntacanaresort.com/,"Playa Sivory, Punta Cana 23000, República Dominicana; el sitio también describe el área como Uvero Alto, en la costa oriental de Punta Cana.",Teléfono publicado: +34 971 89 74 30; teléfono de reservas publicado: +1 (888) 774-0040 y +1 (305) 774-0040; email publicado: reservations2@vacationstoremiami.com; enlace público de reserva: botón “Book now!” del sitio oficial. No se verificó un enlace o número de WhatsApp público.,"El sitio oficial identifica el negocio como “Le Sivory by Portblue Boutique”, lo presenta como hotel boutique solo para adultos y todo incluido en Punta Cana, indica 55 habitaciones y servicios de spa/wellness: https://www.sivorypuntacanaresort.com/ . La página oficial de contacto publica “Playa Sivory, Punta Cana 23000, Dominican Republic”, el teléfono +34 971 89 74 30, el email reservations2@vacationstoremiami.com y los teléfonos de reservas +1 (888) 774-0040 / +1 (305) 774-0040: https://www.sivorypuntacanaresort.com/contact_us.asp . La búsqueda pública de Google Maps muestra una ficha “Le Sivory Punta Cana By PortBlue Boutique” con calificación 4,5/5 basada en 282 reseñas, teléfono +34 971 89 74 30 y el estado “Permanentemente fechado/cerrado”; la ficha ofrece coordenadas aproximadas 18.8385373, -68.6127749: https://www.google.com/maps/place/Le+Sivory+Punta+Cana+By+PortBlue+Boutique/data=!4m7!3m6!1s0x8ea8c3119d0630b3:0xbe195d5e8e42f6bb!8m2!3d18.8385373!4d-68.6127749!16s%2Fg%2F11b67qcvsc!19sChIJszAGnRHDqI4Ru_ZCjl5dGb4?authuser=0&hl=pt-BR&rclk=1 . Una fuente pública de resultados también muestra una referencia de Expedia con 9,0/10 y 191 reseñas, pero el acceso directo quedó bloqueado por captcha y no se considera verificación primaria: https://www.expedia.com/Punta-Cana-Hotels-Le-Sivory-By-Portblue-Boutique.h1351333.Hotel-Information","Hipótesis a verificar antes de cualquier oferta: podría existir una oportunidad de corrección o reconciliación de presencia local si el establecimiento sigue operando bajo otro nombre o administración, porque el sitio oficial continúa activo con CTA de reserva y datos de contacto, mientras que Google Maps marca la ficha como permanentemente cerrada. Conviene comprobar manualmente el estado operativo actual, la propiedad de la ficha, la coherencia del teléfono/email y si hay una nueva ficha o marca sucesora; no se debe prometer mejora de visibilidad ni asumir que el negocio acepta servicios.",2,"Riesgo principal: Google Maps indica “Permanentemente cerrado”, por lo que el prospecto puede estar inactivo, renombrado o trasladado. El sitio oficial parece antiguo y usa una marca/dominio que puede no reflejar la administración actual; el email remite a Vacation Store Miami y el teléfono principal tiene prefijo español. No se verificó WhatsApp, horarios actuales, idiomas declarados, disponibilidad real de reservas ni una ficha activa de Google Business. Las 282 reseñas y la calificación 4,5/5 son señales históricas de la ficha pública, no evidencia de operación actual. Requiere confirmación manual antes de contactar o incluirlo como prospecto activo.",
Puntacana Resort & Club — https://www.puntacana.com/en/,Puntacana Resort & Club,https://www.puntacana.com/en/,"Punta Cana, provincia La Altagracia, República Dominicana; resort y comunidad residencial de aproximadamente 15.000 acres, con hoteles, golf, marina, restaurantes, actividades y alquileres dentro del complejo.","Reservas: The Westin +1 809-959-2222 / reservas de hotel +1 866-716-8108; Four Points +1 809-959-4444 / reservas +1 866-716-8133; Tortuga Bay +1 809-959-8229, +1 888-442-2262 (EE. UU./Canadá); The Estates Experience +1 809-959-7352; Real Estate +1 809-959-7325; Golf +1 809-959-4653; página oficial de contacto https://www.puntacana.com/en/about/contact. Reservas online: Tortuga Bay https://be.synxis.com/?adult=1&arrive=2020-06-29&chain=24447&child=0&currency=USD&depart=2020-06-30&hotel=6860&level=hotel&locale=en-US&rooms=1&src=30; The Westin https://www.marriott.com/en-us/hotels/pujwi-the-westin-puntacana-resort-and-club/overview/; Four Points https://www.marriott.com/en-us/hotels/pujfp-four-points-puntacana-village/overview/. WhatsApp: no encontrado en las páginas oficiales revisadas. Correos: la página oficial los muestra protegidos por JavaScript y no permite verificar las direcciones públicamente mediante el contenido extraído; por tanto, se consideran Unknown.","El sitio oficial identifica la marca como “Puntacana Resort & Club” y describe un destino de 15.000 acres con spa, dos campos de golf, reserva ecológica, marina, restaurantes, shopping village y el aeropuerto PUJ: https://www.puntacana.com/en/. La página oficial de contacto separa los recorridos de reservas por hotel, real estate y golf, y publica los teléfonos indicados: https://www.puntacana.com/en/about/contact. La página de restaurantes declara ocho establecimientos, horarios individuales y que las reservas se realizan por teléfono al 809-959-2222; también enlaza un tour de Google Maps para La Yola: https://www.puntacana.com/en/dining/restaurants. El sitio enlaza directamente a canales de reserva externos de SynXis y Marriott desde la página principal: https://www.puntacana.com/en/. Como señal adicional pública, la aplicación “Puntacana Resort & Club” aparece en Google Play con acceso a mapas e información del resort y una valoración mostrada de 4,5 estrellas con 24 reseñas en el resultado consultado: https://play.google.com/store/apps/details?id=com.puntacanaresortandclub2&hl=en_US. No se verificó en esta investigación una ficha única de Google Maps que represente todo el complejo ni un enlace oficial de WhatsApp.","Hipótesis a verificar: dado que el negocio agrupa múltiples hoteles, restaurantes, golf, alquileres y actividades, una auditoría Local Lift podría detectar si las fichas de Google/Maps están correctamente separadas por unidad, si cada ficha mantiene horarios, teléfonos, enlaces de reserva e idiomas consistentes con el sitio oficial, y si las búsquedas locales conducen al canal correcto (hotel, restaurante, golf o rental). También convendría comprobar si la ausencia aparente de WhatsApp y la derivación a varios sistemas de reserva crean fricción para usuarios móviles. No se afirma que existan errores ni que una optimización produzca resultados garantizados.",2,"Encaje bajo a medio para una oferta rápida: es una operación grande y multiservicio, con marcas hoteleras asociadas a Marriott, posible equipo corporativo de marketing y múltiples propietarios/gestores; no debe asumirse acceso al decisor. La presencia en Google Maps, calificaciones, categorías, horarios y respuestas a reseñas debe auditarse manualmente por cada unidad y ubicación, no solo por la marca matriz. Los correos publicados no pudieron verificarse porque el sitio los oculta mediante JavaScript. No se encontró WhatsApp oficial en las páginas revisadas. Las cifras de valoración y reseñas de Google Play corresponden a la aplicación, no a la reputación de hoteles, restaurantes o del resort en Google Maps. Los teléfonos, horarios, enlaces de reservas y disponibilidad pueden cambiar y requieren comprobación antes de cualquier propuesta.",
Impressive Resorts & Spas Punta Cana — https://www.impressiveresortspuntacana.com/en/gastronomy.html,"Impressive Resorts & Spas, Punta Cana",https://www.impressiveresortspuntacana.com/en/gastronomy.html,"Av. Alemania A-B 108, 23000 Bávaro Punta Cana, El Cortecito, República Dominicana; resort frente a El Cortecito Beach, Punta Cana",Teléfono hotel y reservas: +1 809 552 1819; teléfono de reservas indicado en My Bookings: +1 809 552 0110; email: customerservice@impressiveresorts.com; email de reservas: reservas.puj@impressiveresorts.com; formulario: https://www.impressiveresortspuntacana.com/en/contact.html; motor de reservas: https://booking.impressiveresorts.com/en/; Facebook: https://www.facebook.com/impressivepuntacanaresort; Instagram: https://www.instagram.com/impressivepuntacana,"El sitio oficial identifica públicamente el negocio como “Impressive Resorts & Spas, Punta Cana” y describe dos hoteles en Punta Cana: Impressive Punta Cana (654 habitaciones) e Impressive Premium Punta Cana (255 Junior Suites), ambos frente a El Cortecito Beach y a unos 20 minutos del aeropuerto: https://www.impressiveresortspuntacana.com/en/ . La página de gastronomía enumera múltiples restaurantes y bares, incluidos Open Sea International Buffet, The Snack Time Pizza, On The Grill, Yakimeshi, Alebrije, Villa Magna, Tapas Restaurant, Arena Sports Bar y varios bares; también muestra idiomas EN, ES, FR, DE, RU y PT, pero no publica horarios en el contenido revisado: https://www.impressiveresortspuntacana.com/en/gastronomy.html . La página oficial de contacto publica teléfono, email, dirección y formulario: https://www.impressiveresortspuntacana.com/en/contact.html . La página oficial de reservas permite consultar, modificar o cancelar reservas y publica un canal específico de reservas: https://www.impressiveresortspuntacana.com/en/my-bookings.html . El sitio enlaza una ficha de Google Maps: https://maps.app.goo.gl/oGFUp49takEk8fqE6 . La ficha pública de Google Hotels identifica “Impressive Punta Cana” como hotel de 4 estrellas, muestra la dirección Avenida Alemania A-B 108 El Cortecito, el teléfono +1 809-552-1819, el sitio oficial y una valoración visible de 4,2 con 19.747 reseñas en la consulta realizada: https://www.google.com/travel/hotels/entity/CgsIx_yIqMOu_f2rARAB","Hipótesis a verificar: realizar una auditoría rápida de consistencia entre la ficha de Google/Maps y el sitio oficial para los dos hoteles y sus áreas gastronómicas, comprobando que nombre, dirección, teléfono, idiomas, enlaces de reserva y llamadas a la acción estén alineados; después, evaluar si una ruta visible y medible hacia reservas o contacto (por ejemplo, formulario, email o booking engine) podría reducir fricción para visitantes que descubren el resort desde Maps. No se debe asumir que exista una carencia ni que se obtendrán resultados garantizados.",3,"Es una operación hotelera grande y aparentemente corporativa, por lo que la decisión puede depender de marketing, revenue management o central de reservas y no de un propietario local. La presencia pública ya es fuerte: sitio oficial multilingüe, enlace a Google Maps, motor de reservas, redes sociales y miles de reseñas; por ello la oportunidad puede ser de optimización y medición, no de presencia básica. El sitio presenta dos propiedades relacionadas y varios teléfonos/emails, lo que requiere confirmar qué ficha, hotel y canal corresponden a cada intención. No se verificó un enlace público de WhatsApp en las páginas consultadas. Los horarios de restaurantes no aparecen en la página de gastronomía revisada. La valoración y el número de reseñas de Google son una captura temporal y pueden cambiar; la ficha consultada se presentó en portugués por configuración regional. No se contactó al negocio ni se enviaron mensajes.",
